<?xml version="1.0" encoding="UTF-8"?>
<project-private xmlns="http://www.netbeans.org/ns/project-private/1">
    <editor-bookmarks xmlns="http://www.netbeans.org/ns/editor-bookmarks/2" lastBookmarkId="0"/>
    <open-files xmlns="http://www.netbeans.org/ns/projectui-open-files/2">
        <group>
            <file>file:/C:/Users/User/Documents/NetBeansProjects/Pidev/src/View/AfficherEventController.java</file>
            <file>file:/C:/Users/User/Documents/NetBeansProjects/Pidev/src/View/ModifierEventController.java</file>
            <file>file:/C:/Users/User/Documents/NetBeansProjects/Pidev/src/pidev/NewFXMain.java</file>
            <file>file:/C:/Users/User/Documents/NetBeansProjects/Pidev/src/View/AjouterEventController.java</file>
        </group>
    </open-files>
</project-private>
